,acc,top,type
0,0.16874461999833393,10,collaborative
1,0.21470024713297975,20,collaborative
2,0.29544886568739065,50,collaborative
3,0.06056146391580818,10,content
4,0.09354955155082886,20,content
5,0.1518618276733402,50,content
