Year,Percentage_Unanswered
"2014","10.507687904262"
"2015","12.645411342313"
"2016","14.353577325098"
"2017","15.886514868892"
"2018","16.939947908309"
"2019","17.116860055998"
"2020","17.921928805107"
"2021","19.293700404458"
"2022","20.855551729036"
"2023","24.313620175136"
"2024","41.485088181178"
"2025","50.916293697834"