acc,top,type
0.06124340510480536,5,collaborative
0.08491373164123771,10,collaborative
0.12002709254242122,20,collaborative
0.18052188792242976,50,collaborative
0.022600884072436902,5,content
0.03768002281477256,10,content
0.056965635248823615,20,content
0.08997575930414943,50,content
0.0,5,random
7.129616426636246e-05,10,random
0.00010694424639954371,20,random
0.00042777698559817484,50,random
