acc,recall,top,type
0.12922495589236346,0.10400559419657424,5,nlp_sentence_transformer_question_tags
0.18101496186599614,0.14568451800867555,10,nlp_sentence_transformer_question_tags
0.2370837558868066,0.19196414408031984,20,nlp_sentence_transformer_question_tags
0.3180334245585763,0.25990280240399743,50,nlp_sentence_transformer_question_tags
0.379367350624453,0.3126527731391932,100,nlp_sentence_transformer_question_tags
