acc,recall,top,type
0.14276982065209842,0.11186542374776025,5,collaborative
0.18357112095911535,0.14531995052289914,10,collaborative
0.23026270091549395,0.1831991424912531,20,collaborative
0.3035994609838434,0.24429204196146714,50,collaborative
0.3599322062153564,0.2928825330744972,100,collaborative
