acc,recall,top,type
0.07683758665240403,0.06097988426468473,5,nlp_sentence_transformer_question
0.11095675367795174,0.0877485613487133,10,nlp_sentence_transformer_question
0.1505911117902838,0.11924008763330551,20,nlp_sentence_transformer_question
0.21025797757803927,0.16708184028781276,50,nlp_sentence_transformer_question
0.25956128530347444,0.2076585012231011,100,nlp_sentence_transformer_question
